tool,chain,sample_size,round,time_s,FR1,CDR1,FR2,CDR2,FR3,CDR3,FR4,overall
immunum_multithreaded,G,10,0,0.002314209006726742,100.0,100.0,100.0,100.0,99.47,100.0,100.0,99.82
immunum_singlethreaded,G,10,0,0.00100620900047943,100.0,100.0,100.0,100.0,99.47,100.0,100.0,99.82
anarci,G,10,0,0.07057149999309331,100.0,100.0,100.0,100.0,100.0,100.0,100.0,100.0
anarci_parallel,G,10,0,0.2728159170364961,100.0,100.0,100.0,100.0,100.0,100.0,100.0,100.0
