tool,chain,sample_size,round,time_s,FR1,CDR1,FR2,CDR2,FR3,CDR3,FR4,overall
immunum_multithreaded,D,10,0,0.0022221250110305846,100.0,100.0,100.0,100.0,100.0,100.0,100.0,100.0
immunum_singlethreaded,D,10,0,0.0010183749836869538,100.0,100.0,100.0,100.0,100.0,100.0,100.0,100.0
anarci,D,10,0,0.0658338749781251,100.0,100.0,100.0,100.0,100.0,100.0,100.0,100.0
anarci_parallel,D,10,0,0.277738708013203,100.0,100.0,100.0,100.0,100.0,100.0,100.0,100.0
