tool,chain,sample_size,round,time_s,FR1,CDR1,FR2,CDR2,FR3,CDR3,FR4,overall
immunum_multithreaded,A,10,0,0.002178042021114379,98.79,100.0,100.0,100.0,100.0,100.0,100.0,99.73
immunum_singlethreaded,A,10,0,0.0010499159689061344,98.79,100.0,100.0,100.0,100.0,100.0,100.0,99.73
anarci,A,10,0,0.11257308401400223,90.28,88.33,90.0,88.24,90.0,88.14,90.0,89.67
anarci_parallel,A,10,0,0.27796958398539573,90.28,88.33,90.0,88.24,90.0,88.14,90.0,89.67
