tool,chain,sample_size,round,time_s,FR1,CDR1,FR2,CDR2,FR3,CDR3,FR4,overall
immunum_multithreaded,B,10,0,0.002470125036779791,100.0,100.0,100.0,100.0,100.0,100.0,100.0,100.0
immunum_singlethreaded,B,10,0,0.001011374988593161,100.0,100.0,100.0,100.0,100.0,100.0,100.0,100.0
anarci,B,10,0,0.07217141700675711,100.0,100.0,100.0,100.0,100.0,100.0,90.91,99.11
anarci_parallel,B,10,0,0.2765467500430532,100.0,100.0,100.0,100.0,100.0,100.0,90.91,99.11
